primers,digest,y.intercept,slope,r.squared,adj.r.squared,qpcr.effic
m168_v2,HincII,24.702024159927692,-1.5286279406663976,0.9990829790893834,0.9989519761021525,0.9235672829618424
m3023,HincII,24.393057615603368,-1.5058082897049814,0.9927692392577794,0.9917362734374622,0.942731868071139
Ncb2_v1,HincII,24.360090807207133,-1.4715428836031723,0.9997159569520119,0.9996753793737279,0.9730071619126022
Ncb2_v1,none,24.335187912789554,-1.4515732466910214,0.9996237182395545,0.9995699637023481,0.9915390048692849
Ncb2_v2,HincII,24.68439674716427,-1.2881019221017567,0.9884356556532086,0.9867836064608098,1.1734941554721714
p2996,HincII,24.913896188896246,-1.317464980369564,0.9900937391695093,0.9886785590508678,1.1362104854461426
